Название,цена,ссылка
Потолочный светодиодный светильник с тканевым рассеивателем,24 900₽,/catalog/interernoe-osveshchenie/lustri/potolochnyy-svetodiodnyy-svetilnik-s-tkanevym-rasseivatelem-101003-led-a071495
Светодиодная люстра с декором из хрусталя и с пультом дистанционного управления,54 900₽,/catalog/interernoe-osveshchenie/lustri/svetodiodnaya-lyustra-s-dekorom-iz-khrustalya-i-s-pultom-distantsionnogo-upravleniya-90400-led-a072123
Подвесной светодиодный светильник с пультом управления,299 000₽,/catalog/interernoe-osveshchenie/lustri/podvesnoy-svetodiodnyy-svetilnik-s-pultom-upravleniya-91101-led-a072016
Подвесной светодиодный светильник,33 600₽,/catalog/interernoe-osveshchenie/lustri/podvesnoy-svetodiodnyy-svetilnik-204053-led-a072060
Умная потолочная люстра,79 100₽,/catalog/interernoe-osveshchenie/lustri/umnaya-potolochnaya-lyustra-101015-10-a072174
Умная подвесная люстра со стеклянными плафонами,29 500₽,/catalog/interernoe-osveshchenie/lustri/umnaya-podvesnaya-lyustra-so-steklyannymi-plafonami-201002-12-a071499
Подвесной светодиодный светильник с абажуром из ткани,19 400₽,/catalog/interernoe-osveshchenie/lustri/podvesnoy-svetodiodnyy-svetilnik-s-abazhurom-iz-tkani-101001-led-belyy-a071450
Умная люстра с декором из керамики,46 400₽,/catalog/interernoe-osveshchenie/lustri/umnaya-lyustra-s-dekorom-iz-keramiki-101012-6-a071403
Подвесной светильник с хрусталем,163 200₽,/catalog/interernoe-osveshchenie/lustri/podvesnoy-svetilnik-s-khrustalem-91100-led-a071440
Умная потолочная люстра с перламутром,26 100₽,/catalog/interernoe-osveshchenie/lustri/umnaya-potolochnaya-lyustra-s-perlamutrom-60084-5-latun-perlamutr-smart-a071170
Подвесной светильник со стеклянными плафонами,37 400₽,/catalog/interernoe-osveshchenie/lustri/podvesnoy-svetilnik-so-steklyannymi-plafonami-6845-anabelle-a068410
Подвесная люстра с хрусталем,27 200₽,/catalog/interernoe-osveshchenie/lustri/podvesnaya-lyustra-s-khrustalem-3305-5-a072114
Люстра хрустальная светодиодная,57 000₽,/catalog/interernoe-osveshchenie/lustri/lyustra-khrustalnaya-svetodiodnaya-101007-led-a071458
Умная люстра с перламутром,34 500₽,/catalog/interernoe-osveshchenie/lustri/umnaya-lyustra-s-perlamutrom-101013-5-latun-perlamutr-a071511
Светодиодная хрустальная люстра,40 700₽,/catalog/interernoe-osveshchenie/lustri/svetodiodnaya-khrustalnaya-lyustra-101004-led-nikel-khrustal-strotskis-a071451
Подвесной светильник со стеклянными плафонами,39 900₽,/catalog/interernoe-osveshchenie/lustri/podvesnoy-svetilnik-so-steklyannymi-plafonami-11043-sophia-cognac-a071826
Умный потолочный светильник с плафонами из фактурного стекла,193 800₽,/catalog/interernoe-osveshchenie/lustri/umnyy-potolochnyy-svetilnik-s-plafonami-iz-fakturnogo-stekla-381-10-a069620
Умная подвесная люстра,34 800₽,/catalog/interernoe-osveshchenie/lustri/umnaya-podvesnaya-lyustra-60164-6-chernyy-a065746
Подвесной светодиодный светильник,69 500₽,/catalog/interernoe-osveshchenie/lustri/podvesnoy-svetodiodnyy-svetilnik-50083-3-led-zoloto-a069300
Потолочная люстра,25 100₽,/catalog/interernoe-osveshchenie/lustri/potolochnaya-lyustra-70154-8-latun-a057068
Умная подвесная люстра со стеклянными плафонами,24 400₽,/catalog/interernoe-osveshchenie/lustri/umnaya-podvesnaya-lyustra-so-steklyannymi-plafonami-60170-8-a069011
Потолочный светодиодный светильник Ragno,30 000₽,/catalog/interernoe-osveshchenie/lustri/potolochnyy-svetodiodnyy-svetilnik-ragno-90035-10-led-chernyy-a069307
Подвесной светильник со стеклянными плафонами,52 500₽,/catalog/interernoe-osveshchenie/lustri/podvesnoy-svetilnik-so-steklyannymi-plafonami-11111-lava-sabia-a071862
Подвесной светильник со стеклянными плафонами,49 200₽,/catalog/interernoe-osveshchenie/lustri/podvesnoy-svetilnik-so-steklyannymi-plafonami-11109-lava-sabia-a071864
Подвесной светодиодный светильник со стеклянными плафонами,30 500₽,/catalog/interernoe-osveshchenie/lustri/podvesnoy-svetodiodnyy-svetilnik-so-steklyannymi-plafonami-301054-led-latun-a071576
Люстра хрустальная с функцией Умный Дом,49 600₽,/catalog/interernoe-osveshchenie/lustri/lyustra-khrustalnaya-s-funktsiey-umnyy-dom-101011-6-khrom-a071172
Потолочный светильник со стеклянным плафоном,34 200₽,/catalog/interernoe-osveshchenie/lustri/potolochnyy-svetilnik-so-steklyannym-plafonom-50388-led-chernyy-a068861
Подвесной светильник,12 900₽,/catalog/interernoe-osveshchenie/lustri/podvesnoy-svetilnik-30183-6-latun-a064683
Умная люстра с декором из керамики,49 500₽,/catalog/interernoe-osveshchenie/lustri/umnaya-lyustra-s-dekorom-iz-keramiki-101014-6-a072038
Подвесной светильник со стеклянными плафонами,31 000₽,/catalog/interernoe-osveshchenie/lustri/podvesnoy-svetilnik-so-steklyannymi-plafonami-11050-ballo-a071816
Умный подвесной светильник с поворотным механизмом,28 800₽,/catalog/interernoe-osveshchenie/lustri/umnyy-podvesnoy-svetilnik-s-povorotnym-mekhanizmom-70147-6-chernyy-smart-a062033
Потолочный светодиодный светильник с поворотным механизмом,27 900₽,/catalog/interernoe-osveshchenie/lustri/potolochnyy-svetodiodnyy-svetilnik-s-povorotnym-mekhanizmom-20252-6-led-chernyy-a068798
Умный потолочный светильник со стеклянными плафонами,21 700₽,/catalog/interernoe-osveshchenie/lustri/umnyy-potolochnyy-svetilnik-so-steklyannymi-plafonami-60166-6-latun-a068071
Умная подвесная люстра с фактурным стеклом,64 200₽,/catalog/interernoe-osveshchenie/lustri/umnaya-podvesnaya-lyustra-s-fakturnym-steklom-324-10-a052235
Умная потолочная люстра с тканевыми абажурами,17 900₽,/catalog/interernoe-osveshchenie/lustri/umnaya-potolochnaya-lyustra-s-tkanevymi-abazhurami-60173-6-latun-a069017
Умная подвесная люстра,163 800₽,/catalog/interernoe-osveshchenie/lustri/umnaya-podvesnaya-lyustra-369-a065315
Потолочный светильник,23 600₽,/catalog/interernoe-osveshchenie/lustri/potolochnyy-svetilnik-3432-bilbao-black-gold-a059395
Умный подвесной светильник,26 700₽,/catalog/interernoe-osveshchenie/lustri/umnyy-podvesnoy-svetilnik-70146-6-latun-a062028
Подвесной светодиодный светильник,24 300₽,/catalog/interernoe-osveshchenie/lustri/podvesnoy-svetodiodnyy-svetilnik-40025-1-led-seryy-a069306
Умный потолочный светильник,5 900₽,/catalog/interernoe-osveshchenie/lustri/umnyy-potolochnyy-svetilnik-60130-8-khrom-smart-a060135
Потолочный светодиодный светильник,16 200₽,/catalog/interernoe-osveshchenie/lustri/potolochnyy-svetodiodnyy-svetilnik-90255-1-belyy-a057129
Потолочный светильник с тканевым абажуром,18 400₽,/catalog/interernoe-osveshchenie/lustri/potolochnyy-svetilnik-s-tkanevym-abazhurom-5798-juta-a068751
Умная потолочная люстра в стиле лофт,28 000₽,/catalog/interernoe-osveshchenie/lustri/umnaya-potolochnaya-lyustra-v-stile-loft-70160-8-latun-smart-a057109
Подвесная люстра с хрусталем,85 100₽,/catalog/interernoe-osveshchenie/lustri/podvesnaya-lyustra-s-khrustalem-90370-1-strotskis-a065694
Умный потолочный светильник,59 200₽,/catalog/interernoe-osveshchenie/lustri/umnyy-potolochnyy-svetilnik-346-smart-a053999
Умный подвесной светильник Calyx 60169/6 никель,26 100₽,/catalog/interernoe-osveshchenie/lustri/umnyy-podvesnoy-svetilnik-calyx-60169-6-nikel-60169-6-nikel-a068276
Потолочный светильник со стеклянным плафоном,11 300₽,/catalog/interernoe-osveshchenie/lustri/potolochnyy-svetilnik-so-steklyannym-plafonom-30179-6-chernyy-a069124
Потолочная люстра в стиле лофт,22 800₽,/catalog/interernoe-osveshchenie/lustri/potolochnaya-lyustra-v-stile-loft-70127-6-chernyy-dymchatyy-a060652
Потолочный светодиодный светильник,10 200₽,/catalog/interernoe-osveshchenie/lustri/potolochnyy-svetodiodnyy-svetilnik-90318-1-seryy-a062827
Потолочный светодиодный светильник,11 900₽,/catalog/interernoe-osveshchenie/lustri/potolochnyy-svetodiodnyy-svetilnik-90251-1-chernyy-a057125
Потолочная люстра со стеклянными плафонами,25 300₽,/catalog/interernoe-osveshchenie/lustri/potolochnaya-lyustra-so-steklyannymi-plafonami-70115-8-chernyy-a050069
Потолочный светодиодный светильник,37 300₽,/catalog/interernoe-osveshchenie/lustri/potolochnyy-svetodiodnyy-svetilnik-90031-10-led-zoloto-a069303
Подвесной светодиодный светильник с фигурным хрусталем,66 800₽,/catalog/interernoe-osveshchenie/lustri/podvesnoy-svetodiodnyy-svetilnik-s-figurnym-khrustalem-443-1-a069357
Потолочный светильник,24 300₽,/catalog/interernoe-osveshchenie/lustri/potolochnyy-svetilnik-70220-6-chernyy-a065765
Умная потолочная люстра с плафонами,25 600₽,/catalog/interernoe-osveshchenie/lustri/umnaya-potolochnaya-lyustra-s-plafonami-30177-6-latun-a055499
Потолочная люстра с абажурами,20 300₽,/catalog/interernoe-osveshchenie/lustri/potolochnaya-lyustra-s-abazhurami-60065-5-serebro-00000082052
Потолочный светильник,25 900₽,/catalog/interernoe-osveshchenie/lustri/potolochnyy-svetilnik-6196-kantoor-nature-a059804
Умная подвесная люстра,33 700₽,/catalog/interernoe-osveshchenie/lustri/umnaya-podvesnaya-lyustra-60146-6-latun-a063858
Умная подвесная хрустальная люстра,32 100₽,/catalog/interernoe-osveshchenie/lustri/umnaya-podvesnaya-khrustalnaya-lyustra-10130-8-zoloto-a060644
Умная потолочная люстра,53 400₽,/catalog/interernoe-osveshchenie/lustri/umnaya-potolochnaya-lyustra-373-8-a060886
Потолочная люстра со стеклянными плафонами,23 900₽,/catalog/interernoe-osveshchenie/lustri/potolochnaya-lyustra-so-steklyannymi-plafonami-30162-khrom-a047322
Умная подвесная люстра с фактурным стеклом,56 600₽,/catalog/interernoe-osveshchenie/lustri/umnaya-podvesnaya-lyustra-s-fakturnym-steklom-324-8-a050349
Потолочная люстра с хрусталем,34 900₽,/catalog/interernoe-osveshchenie/lustri/potolochnaya-lyustra-s-khrustalem-10101-8-khrom-prozrachnyy-khrustal-strotskis-a044069
Потолочный светодиодный светильник,13 800₽,/catalog/interernoe-osveshchenie/lustri/potolochnyy-svetodiodnyy-svetilnik-40022-1-led-seryy-a069302
Умный потолочный светильник Eurosvet Luminari 90247/3,26 300₽,/catalog/interernoe-osveshchenie/lustri/umnyy-potolochnyy-svetilnik-eurosvet-luminari-90247-3-90247-3-belyy-khrom-smart-a055665
Умный потолочный светильник с фактурным стеклом,50 200₽,/catalog/interernoe-osveshchenie/lustri/umnyy-potolochnyy-svetilnik-s-fakturnym-steklom-380-8-a068800
Умная подвесная люстра,44 200₽,/catalog/interernoe-osveshchenie/lustri/umnaya-podvesnaya-lyustra-60146-8-latun-a063860
Подвесной светодиодный светильник с пультом управления,14 600₽,/catalog/interernoe-osveshchenie/lustri/podvesnoy-svetodiodnyy-svetilnik-s-pultom-upravleniya-90264-1-latun-a064101
Подвесной светильник,13 000₽,/catalog/interernoe-osveshchenie/lustri/podvesnoy-svetilnik-90270-3-chernyy-a060637
Умная подвесная люстра со стеклянными плафонами,42 600₽,/catalog/interernoe-osveshchenie/lustri/umnaya-podvesnaya-lyustra-so-steklyannymi-plafonami-60171-zoloto-a069012
Потолочный светодиодный светильник,42 500₽,/catalog/interernoe-osveshchenie/lustri/potolochnyy-svetodiodnyy-svetilnik-50386-led-latun-a067957
Потолочная люстра со стеклянными плафонами,26 400₽,/catalog/interernoe-osveshchenie/lustri/potolochnaya-lyustra-so-steklyannymi-plafonami-30280-8-antichnaya-bronza-a043221
